algorithm,scenario,run,average_response_time,load_balance_std,total_reward
ppo,uniform_light_load,0,0.0994934162808675,0.011875168523702333,-57.243452589548916
ppo,uniform_heavy_load,0,0.09780685653660495,0.00467667058066951,-102.48352711727439
ppo,bursty_traffic,0,0.10020847283507914,0.008864837774305344,-109.07331060938448
ppo,periodic_traffic,0,0.099898052427719,0.009555847621920794,-109.45390004963978
