algorithm,scenario,run,average_response_time,load_balance_std,total_reward
ppo,uniform_light_load,0,0.1018629330444109,0.02426984899339054,-61.805063198522696
ppo,uniform_light_load,1,0.09589449987088249,0.025927324321692563,-60.91091209628759
ppo,uniform_heavy_load,0,0.10325401202352227,0.007982269263189078,-111.23628128671132
ppo,uniform_heavy_load,1,0.09351576823526676,0.01055049450995677,-104.0662627452234
ppo,bursty_traffic,0,0.09944447679094122,0.006921831188628598,-106.36630797956987
ppo,bursty_traffic,1,0.09724977529484617,0.008076474294891813,-105.32624958973813
ppo,periodic_traffic,0,0.09946564491684934,0.007946180326819102,-107.4118252436685
ppo,periodic_traffic,1,0.10175154354286604,0.008882538758097249,-110.63408230096317
